Date	Narration	Debit	Credit	Balance
2026-01-01	SALARY CREDIT ACME CORP PAYROLL		78000	178000.00
2026-01-05	EMI DEBIT HDFC HOME LOAN	12500		165500.00
2026-01-07	NEFT RENT PAYMENT LANDLORD	25000		140500.00
2026-01-12	UPI-BIGBASKET-GROCERIES	8000		132500.00
2026-02-01	SALARY CREDIT ACME CORP PAYROLL		78000	210500.00
2026-02-05	EMI DEBIT HDFC HOME LOAN	12500		198000.00
2026-02-07	NEFT RENT PAYMENT LANDLORD	25000		173000.00
2026-02-12	UPI-BIGBASKET-GROCERIES	8000		165000.00
2026-03-01	SALARY CREDIT ACME CORP PAYROLL		78000	243000.00
2026-03-05	EMI DEBIT HDFC HOME LOAN	12500		230500.00
2026-03-07	NEFT RENT PAYMENT LANDLORD	25000		205500.00
2026-03-12	UPI-BIGBASKET-GROCERIES	8000		197500.00
2026-04-01	SALARY CREDIT ACME CORP PAYROLL		78000	275500.00
2026-04-05	EMI DEBIT HDFC HOME LOAN	12500		263000.00
2026-04-07	NEFT RENT PAYMENT LANDLORD	25000		238000.00
2026-04-12	UPI-BIGBASKET-GROCERIES	8000		230000.00
2026-05-01	SALARY CREDIT ACME CORP PAYROLL		78000	308000.00
2026-05-05	EMI DEBIT HDFC HOME LOAN	12500		295500.00
2026-05-07	NEFT RENT PAYMENT LANDLORD	25000		270500.00
2026-05-12	UPI-BIGBASKET-GROCERIES	8000		262500.00
2026-06-01	SALARY CREDIT ACME CORP PAYROLL		78000	340500.00
2026-06-05	EMI DEBIT HDFC HOME LOAN	12500		328000.00
2026-06-07	NEFT RENT PAYMENT LANDLORD	25000		303000.00
2026-06-12	UPI-BIGBASKET-GROCERIES	8000		295000.00
