Date,Particulars,Vch Type,Vch No.,Cheque/Ref No.,Debit,Credit
20-01-2025,Jan Supplier Outstanding,Payment,PMT-1099,000399,,500.00
01-02-2025,Resilient Innovations Pvt Lt,Receipt,RCT-2001,YESCB50320044966,30235.00,
02-02-2025,Resilient Innovations Pvt Lt,Receipt,RCT-2002,YESCB50330037627,33942.00,
03-02-2025,Resilient Innovations Pvt Lt,Receipt,RCT-2003,YESCB50340058971,62492.00,
04-02-2025,Resilient Innovations Pvt Lt,Receipt,RCT-2004,YESCB50350054087,44666.00,
05-02-2025,Resilient Innovations Pvt Lt,Receipt,RCT-2005,YESCB50360039680,55746.00,
06-02-2025,Resilient Innovations Pvt Lt,Receipt,RCT-2006,YESCB50370045593,45374.00,
06-02-2025,Coastal 24 (Own Account),Payment,PMT-2007,1440727427,,292000.00
07-02-2025,Resilient Innovations Pvt Lt,Receipt,RCT-2008,YESCB50380042447,47434.00,
08-02-2025,Resilient Innovations Pvt Lt,Receipt,RCT-2009,YESCB50390039629,20999.00,
09-02-2025,Resilient Innovations Pvt Lt,Receipt,RCT-2010,YESCB50400029462,59798.00,
10-02-2025,Resilient Innovations Pvt Lt,Receipt,RCT-2011,YESCB50410040508,28379.00,
11-02-2025,Resilient Innovations Pvt Lt,Receipt,RCT-2012,YESCB50420027488,43266.00,
12-02-2025,Resilient Innovations Pvt Lt,Receipt,RCT-2013,YESCB50430025761,28133.00,
13-02-2025,Resilient Innovations Pvt Lt,Receipt,RCT-2014,YESCB50440041038,29503.00,
13-02-2025,Coastal 24 (Own Account),Payment,PMT-2015,1441905772,,255000.00
14-02-2025,Resilient Innovations Pvt Lt,Receipt,RCT-2016,YESCB50450096635,39663.00,
15-02-2025,Resilient Innovations Pvt Lt,Receipt,RCT-2017,YESCB50460037902,63297.00,
16-02-2025,Resilient Innovations Pvt Lt,Receipt,RCT-2018,504705850967,66813.00,
17-02-2025,Resilient Innovations Pvt Lt,Receipt,RCT-2019,YESAP50481294110,28650.00,
18-02-2025,Resilient Innovations Pvt Lt,Receipt,RCT-2020,504953467536,31963.00,
19-02-2025,Resilient Innovations Pvt Lt,Receipt,RCT-2021,YESAP50500080444,40190.00,
20-02-2025,Resilient Innovations Pvt Lt,Receipt,RCT-2022,YESAP50510574427,29484.00,
21-02-2025,Resilient Innovations Pvt Lt,Receipt,RCT-2023,YESAP50520041714,31362.00,
21-02-2025,Coastal 24 (Own Account),Payment,PMT-2024,1443000959,,334500.00
21-02-2025,Resilient Innovations Pvt Lt,Receipt,RCT-2025,505262052961,2021.00,
22-02-2025,Resilient Innovations Pvt Lt,Receipt,RCT-2026,YESAP50530108211,2404.00,
23-02-2025,Resilient Innovations Pvt Lt,Receipt,RCT-2027,YESAP50541231578,2440.00,
24-02-2025,Coastal 24 (Own Account),Payment,PMT-2028,AC XFR,,7271.14
25-02-2025,Resilient Innovations Pvt Lt,Receipt,RCT-2029,FBBT250562603010,1285.00,
25-02-2025,Resilient Innovations Pvt Lt,Receipt,RCT-2030,505672854446,2348.00,
26-02-2025,Resilient Innovations Pvt Lt,Receipt,RCT-2031,YESAP50570073601,19673.00,
26-02-2025,Resilient Innovations Pvt Lt,Receipt,RCT-2032,505774453630,26215.00,
27-02-2025,Resilient Innovations Pvt Lt,Receipt,RCT-2033,YESAP50580113397,3928.00,
27-02-2025,Coastal 24 (Own Account),Payment,PMT-2034,1443847001,,60000.00
28-02-2025,Resilient Innovations Pvt Lt,Receipt,RCT-2035,YESAP50590120149,12487.00,
,Closing Balance,,,,12707.14,
