transaction_id,date,narration,debit,credit,balance,expected_entity,expected_entity_type,expected_category,expected_subcategory,transaction_method
TXN0103,2025-01-01,NEFT-UTR630594163379-Sneha R,0,50000,538278.0,Sneha Reddy,PERSON,Income,Salary,NEFT
TXN0181,2025-01-01,NEFT-YESB174563225376-NETFLIX PAYMENT,799,0,933596.0,Netflix,ORGANIZATION,Entertainment,OTT / Streaming,NEFT
TXN0380,2025-01-01,IMPS/211787506/NEFT-ICICI BANK,750,0,2199448.0,ICICI Bank,ORGANIZATION,Financial,Processing Fee,IMPS
TXN0383,2025-01-01,IMPS/477131597/R GUPTA,0,1000,2202049.0,Rohan Gupta,PERSON,Transfers,Person to Person,IMPS
TXN0456,2025-01-02,UPI UPI Swiggy,7500,0,2373371.0,Swiggy,ORGANIZATION,Food & Dining,Food Delivery,ECS
TXN0470,2025-01-02,IMPS/810699207/PRIYA NAIR,0,25000,2417774.0,Priya Nair,PERSON,Income,Salary,IMPS
TXN0015,2025-01-03,FLIPKART PAYMENT,7500,0,212753.0,Flipkart,ORGANIZATION,Shopping,Online Shopping,Card
TXN0034,2025-01-03,NEFT-FBBT504776119396-FLIPKART,1200,0,384107.0,Flipkart,ORGANIZATION,Shopping,Online Shopping,NEFT
TXN0083,2025-01-04,UPI-APOLLO PHARMACY,199,0,508525.0,Apollo Pharmacy,ORGANIZATION,Healthcare,Pharmacy,UPI
TXN0100,2025-01-04,UPI/646122147534/Amazon India,5000,0,494028.0,Amazon,ORGANIZATION,Shopping,Online Shopping,UPI
TXN0481,2025-01-05,UPI/653741748619/Flipkart.com,199,0,2389577.0,Flipkart,ORGANIZATION,Shopping,Online Shopping,UPI
TXN0022,2025-01-06,UPI/349360964064/NETFLIX PAYMENT,399,0,238654.0,Netflix,ORGANIZATION,Entertainment,OTT / Streaming,UPI
TXN0213,2025-01-06,UPI/642374295556/K IYER,0,1250,1147455.0,Kavya Iyer,PERSON,Transfers,Person to Person,UPI
TXN0431,2025-01-06,UPI/947207163444/UBER,599,0,2321564.0,Uber,ORGANIZATION,Transportation,Ride Hailing,UPI
TXN0070,2025-01-07,IMPS/929445037/ICICI LIMITED,0,5000,482170.0,ICICI Bank,ORGANIZATION,Loans & Credit,Loan Disbursement,IMPS
TXN0221,2025-01-07,NEFT-YESB626492223507-Airtel Recharge,3500,0,1177357.0,Airtel,ORGANIZATION,Bills & Utilities,Mobile,NEFT
TXN0346,2025-01-08,NEFT-FBBT789671467426-UPI-Amit Kumar,0,60000,1870390.0,Amit Kumar,PERSON,Income,Salary,NEFT
TXN0385,2025-01-09,NEFT-FBBT277706238481-UPI-Vikram Singh,0,22000,2219049.0,Vikram Singh,PERSON,Income,Salary,NEFT
TXN0406,2025-01-09,LIFE INSURANCE CORP,399,0,2302106.0,LIC,ORGANIZATION,Insurance,Insurance Premium,Card
TXN0465,2025-01-09,NEFT-UTR659366213273-SHREE GANESH TRADERS,1500,0,2340774.0,Shree Ganesh Traders,ORGANIZATION,Business & Professional,Supplier Payment,NEFT
TXN0093,2025-01-11,IMPS/821856853/ICICI BANK LTD,0,250,511826.0,ICICI Bank,ORGANIZATION,Loans & Credit,Loan Disbursement,IMPS
TXN0151,2025-01-11,SHREE GANESH TRADERS,5000,0,798091.0,Shree Ganesh Traders,ORGANIZATION,Business & Professional,Supplier Payment,Card
TXN0439,2025-01-11,NEFT-YESB253983162030-HDFC BANK LIMITED,0,5000,2318817.0,HDFC Bank,ORGANIZATION,Loans & Credit,Loan Disbursement,NEFT
TXN0485,2025-01-11,UPI UPI Sureshpatel,1500,0,2444077.0,Suresh Patel,PERSON,Transfers,Person to Person,UPI
TXN0132,2025-01-12,UPI/541725783739/BHARAT RETAIL PVT LTD,999,0,672836.0,Bharat Retail Enterprises,ORGANIZATION,Business & Professional,Inventory,UPI
TXN0186,2025-01-12,UPI-SWIGGY,7500,0,929897.0,Swiggy,ORGANIZATION,Food & Dining,Food Delivery,Card
TXN0218,2025-01-12,IMPS/452150647/Amit K,0,5000,1147857.0,Amit Kumar,PERSON,Transfers,Person to Person,IMPS
TXN0302,2025-01-12,FLIPKART,5000,0,1709779.0,Flipkart,ORGANIZATION,Shopping,Online Shopping,Card
TXN0498,2025-01-12,NEFT-YESCB818877278965-AMIT KUMAR,0,1500,2414329.0,Amit Kumar,PERSON,Transfers,Person to Person,NEFT
TXN0065,2025-01-13,IMPS/907464398/VikramSingh,0,50000,471869.0,Vikram Singh,PERSON,Income,Salary,IMPS
TXN0173,2025-01-14,UPI/279371220970/LIC PREMIUM,7500,0,883095.0,LIC,ORGANIZATION,Insurance,Insurance Premium,UPI
TXN0010,2025-01-15,IMPS/709004943/ABC TECHNOLOGIES PVT LT,0,40000,173552.0,ABC Technologies Private Limited,ORGANIZATION,Income,Business Revenue,IMPS
TXN0111,2025-01-15,NEFT-VIKRAM SINGH,0,25000,583630.0,Vikram Singh,PERSON,Income,Salary,NEFT
TXN0203,2025-01-15,NEFT-YESCB347859694204-Bharat Retail Enterprises Pvt Ltd,499,0,995254.0,Bharat Retail Enterprises,ORGANIZATION,Business & Professional,Inventory,NEFT
TXN0255,2025-01-15,NEFT-FBBT431729976873-VikramSingh,0,7500,1471714.0,Vikram Singh,PERSON,Transfers,Person to Person,NEFT
TXN0371,2025-01-15,NEFT-YESCB371013013359-EmmveeEnergyPrivateLimited,599,0,1991797.0,Emmvee Energy Private Limited,ORGANIZATION,Business & Professional,Supplier Payment,NEFT
TXN0375,2025-01-15,IMPS/965914172/ARJUN MEHTA,0,60000,2114797.0,Arjun Mehta,PERSON,Income,Salary,IMPS
TXN0209,2025-01-16,IMPS/888340979/NEFT-KAVYA IYER,0,1250,1086504.0,Kavya Iyer,PERSON,Transfers,Person to Person,IMPS
TXN0319,2025-01-16,NEFT-FBBT877298886926-ABC TECHNOLOGIES PRIVATE LTD,1500,0,1727933.0,ABC Technologies Private Limited,ORGANIZATION,Business & Professional,Professional Services,NEFT
TXN0443,2025-01-16,NEFT-UTR494188509102-SBI,0,50000,2360269.0,SBI,ORGANIZATION,Transfers,Own Account Transfer,NEFT
TXN0131,2025-01-17,UPI/778370394729/LIC PREMIUM,1500,0,673835.0,LIC,ORGANIZATION,Insurance,Insurance Premium,UPI
TXN0306,2025-01-17,ABC Technologies Private Limited,599,0,1687180.0,ABC Technologies Private Limited,ORGANIZATION,Business & Professional,Professional Services,Card
TXN0365,2025-01-17,IMPS/280377032/Rohan G,750,0,1977545.0,Rohan Gupta,PERSON,Transfers,Person to Person,IMPS
TXN0023,2025-01-18,NEFT-YESCB730855031651-HDFC BANK,1500,0,237154.0,HDFC Bank,ORGANIZATION,Financial,Interest,NEFT
TXN0031,2025-01-18,NEFT-YESB188559569253-NETFLIX.COM,249,0,357807.0,Netflix,ORGANIZATION,Entertainment,OTT / Streaming,NEFT
TXN0067,2025-01-18,NEFT-YESCB125079296952-SWIGGY INDIA,199,0,489670.0,Swiggy,ORGANIZATION,Food & Dining,Food Delivery,NEFT
TXN0294,2025-01-18,NEFT-FBBT375917379943-TATA MF SIP,999,0,1718126.0,Tata Mutual Fund,ORGANIZATION,Investments,Mutual Fund SIP,NEFT
TXN0340,2025-01-18,NEFT-FBBT884383738449-SNEHA REDDY,2500,0,1801788.0,Sneha Reddy,PERSON,Transfers,Person to Person,NEFT
TXN0489,2025-01-18,IMPS/559891563/NEFT-HDFC BANK,0,2500,2443778.0,HDFC Bank,ORGANIZATION,Transfers,Loan Disbursement,IMPS
TXN0059,2025-01-20,UPI-NETFLIX,599,0,440817.0,Netflix,ORGANIZATION,Entertainment,OTT / Streaming,Card
TXN0280,2025-01-20,IMPS/941328406/A RAO,0,45000,1657019.0,Ananya Rao,PERSON,Income,Salary,IMPS
TXN0323,2025-01-20,UPI-AMAZON,1200,0,1783983.0,Amazon,ORGANIZATION,Shopping,Online Shopping,Card
TXN0347,2025-01-20,BHARAT RETAIL PVT LTD,199,0,1870191.0,Bharat Retail Enterprises,ORGANIZATION,Business & Professional,Inventory,ECS
TXN0386,2025-01-20,AMAZON IN,1500,0,2217549.0,Amazon,ORGANIZATION,Shopping,Online Shopping,ECS
TXN0088,2025-01-21,UPI/617946475170/A MEHTA,1000,0,502525.0,Arjun Mehta,PERSON,Transfers,Person to Person,UPI
TXN0178,2025-01-21,NEFT-UTR950881068534-Sneha R,5000,0,905595.0,Sneha Reddy,PERSON,Transfers,Person to Person,NEFT
TXN0250,2025-01-21,ABC Technologies Private Limited,2000,0,1469463.0,ABC Technologies Private Limited,ORGANIZATION,Business & Professional,Professional Services,Card
TXN0395,2025-01-21,NEFT-YESB933005706518-UPI UPI Swiggy,1500,0,2261701.0,Swiggy,ORGANIZATION,Food & Dining,Food Delivery,NEFT
TXN0019,2025-01-22,NEFT-YESCB622524651020-AMAZON PAY,1200,0,212803.0,Amazon,ORGANIZATION,Shopping,Online Shopping,NEFT
TXN0336,2025-01-22,NEFT-FBBT667818065717-A RAO,0,35000,1814087.0,Ananya Rao,PERSON,Income,Salary,NEFT
TXN0393,2025-01-22,NEFT-ABC TECHNOLOGIES PVT LTD,3500,0,2268201.0,ABC Technologies Private Limited,ORGANIZATION,Business & Professional,Professional Services,NEFT
TXN0234,2025-01-23,UPI/537383162273/NETFLIX PAYMENT,2500,0,1359360.0,Netflix,ORGANIZATION,Entertainment,OTT / Streaming,UPI
TXN0317,2025-01-23,NEFT-YESCB910935793294-FLIPKART INDIA,3500,0,1730933.0,Flipkart,ORGANIZATION,Shopping,Online Shopping,NEFT
TXN0437,2025-01-23,IMPS/791851361/ICICI LIMITED,0,750,2314816.0,ICICI Bank,ORGANIZATION,Loans & Credit,Loan Disbursement,IMPS
TXN0449,2025-01-23,NEFT-UTR140425686264-HDFC BANK LTD,10000,0,2378120.0,HDFC Bank,ORGANIZATION,Financial,Loan Repayment,NEFT
TXN0205,2025-01-24,NEFT-YESCB785729036205-UBER INDIA,1500,0,992254.0,Uber,ORGANIZATION,Transportation,Ride Hailing,NEFT
TXN0441,2025-01-24,BESCOM ELECTRICITY,249,0,2311068.0,BESCOM,ORGANIZATION,Bills & Utilities,Electricity,ECS
TXN0477,2025-01-25,UPI/335250744536/A RAO,10000,0,2392525.0,Ananya Rao,PERSON,Transfers,Person to Person,UPI
TXN0041,2025-01-27,NEFT-YESCB279807112340-ABC TECHNOLOGIES PVT LT,799,0,426660.0,ABC Technologies Private Limited,ORGANIZATION,Business & Professional,Professional Services,NEFT
TXN0096,2025-01-27,NEFT-HDFC BANK,0,1500,511527.0,HDFC Bank,ORGANIZATION,Transfers,Loan Disbursement,ECS
TXN0316,2025-01-27,UPI-NETFLIX,5000,0,1734433.0,Netflix,ORGANIZATION,Entertainment,OTT / Streaming,UPI
TXN0332,2025-01-27,UPI-Amit Kumar,2500,0,1788837.0,Amit Kumar,PERSON,Transfers,Person to Person,UPI
TXN0428,2025-01-27,UPI/900822105632/Reliance Jio,249,0,2330913.0,Jio,ORGANIZATION,Bills & Utilities,Mobile,UPI
TXN0026,2025-01-28,NEFT-UTR405730753142-A MEHTA,0,50000,281355.0,Arjun Mehta,PERSON,Income,Salary,NEFT
TXN0046,2025-01-28,LIFE INSURANCE CORP,3500,0,427213.0,LIC,ORGANIZATION,Insurance,Insurance Premium,Card
TXN0435,2025-01-28,NEFT-FBBT549697836618-Ola Mobility,499,0,2317066.0,Ola,ORGANIZATION,Transportation,Ride Hailing,NEFT
TXN0482,2025-01-28,IMPS/982747173/UPI-Suresh Patel,0,22000,2411577.0,Suresh Patel,PERSON,Income,Salary,IMPS
TXN0492,2025-01-28,NEFT-YESCB904289468572-SURESH PATEL,0,1000,2433779.0,Suresh Patel,PERSON,Transfers,Person to Person,NEFT
TXN0253,2025-01-29,UPI/589770480738/K IYER,1250,0,1466714.0,Kavya Iyer,PERSON,Transfers,Person to Person,UPI
TXN0300,2025-01-30,UPI-APOLLO PHARMACY,499,0,1715778.0,Apollo Pharmacy,ORGANIZATION,Healthcare,Pharmacy,Card
TXN0327,2025-02-01,IMPS/424125621/NEFT-SBI,0,250,1793235.0,SBI,ORGANIZATION,Transfers,Loan Disbursement,IMPS
TXN0330,2025-02-03,UPI/232358475445/BHARAT RETAIL ENTERPRISE,999,0,1791736.0,Bharat Retail Enterprises,ORGANIZATION,Business & Professional,Inventory,UPI
TXN0376,2025-02-03,NEFT-YESB744879512673-Priya N,0,40000,2154797.0,Priya Nair,PERSON,Income,Salary,NEFT
TXN0198,2025-02-04,IMPS/411774120/HDFC,0,500,989752.0,HDFC Bank,ORGANIZATION,Transfers,Own Account Transfer,IMPS
TXN0359,2025-02-04,NEFT-UTR445599075156-Flipkart India,249,0,1928794.0,Flipkart,ORGANIZATION,Shopping,Online Shopping,NEFT
TXN0460,2025-02-05,BHARAT RETAIL PVT LTD,5000,0,2355272.0,Bharat Retail Enterprises,ORGANIZATION,Business & Professional,Inventory,Card
TXN0091,2025-02-06,NEFT-FBBT235030135894-Arjunmehta,0,7500,512776.0,Arjun Mehta,PERSON,Transfers,Person to Person,NEFT
TXN0256,2025-02-06,IMPS/558703133/ICICI,0,1500,1473214.0,ICICI Bank,ORGANIZATION,Transfers,Loan Disbursement,IMPS
TXN0377,2025-02-06,UPI/209891104821/BHARAT RETAIL ENT,599,0,2154198.0,Bharat Retail Enterprises,ORGANIZATION,Business & Professional,Inventory,UPI
TXN0401,2025-02-06,MEDIASSIST HEALTHCARE,799,0,2299903.0,MediAssist Healthcare,ORGANIZATION,Healthcare,Medical Insurance,Card
TXN0229,2025-02-07,IMPS/902448600/S Reddy,0,22000,1217359.0,Sneha Reddy,PERSON,Income,Salary,IMPS
TXN0397,2025-02-07,UPI-AIRTEL,7500,0,2253201.0,Airtel,ORGANIZATION,Bills & Utilities,Mobile,UPI
TXN0273,2025-02-08,IMPS/184846271/A RAO,0,35000,1586717.0,Ananya Rao,PERSON,Income,Salary,IMPS
TXN0146,2025-02-09,IMPS/574641329/SURESH PATEL,1500,0,766990.0,Suresh Patel,PERSON,Transfers,Person to Person,IMPS
TXN0479,2025-02-09,UPI/179706364742/AMIT KUMAR,750,0,2390575.0,Amit Kumar,PERSON,Transfers,Person to Person,UPI
TXN0004,2025-02-10,NEFT-FBBT199223237613-BESCOM LTD,299,0,72552.0,BESCOM,ORGANIZATION,Bills & Utilities,Electricity,NEFT
TXN0114,2025-02-10,IMPS/513061224/NEFT-AMIT KUMAR,0,10000,600631.0,Amit Kumar,PERSON,Transfers,Person to Person,IMPS
TXN0328,2025-02-10,IMPS/771737478/HDFC BANK,0,1500,1794735.0,HDFC Bank,ORGANIZATION,Loans & Credit,Own Account Transfer,IMPS
TXN0425,2025-02-10,Amazon India,1500,0,2332811.0,Amazon,ORGANIZATION,Shopping,Online Shopping,ECS
TXN0069,2025-02-12,NEFT-FBBT736119440405-FLIPKART INDIA,5000,0,477170.0,Flipkart,ORGANIZATION,Shopping,Online Shopping,NEFT
TXN0303,2025-02-12,IMPS/348952994/ICICI,25000,0,1684779.0,ICICI Bank,ORGANIZATION,Loans & Credit,Processing Fee,IMPS
TXN0052,2025-02-13,JIO RECHARGE,2000,0,410215.0,Jio,ORGANIZATION,Bills & Utilities,Mobile,Card
TXN0222,2025-02-13,NEFT-YESB223267798693-MediAssist,5000,0,1172357.0,MediAssist Healthcare,ORGANIZATION,Healthcare,Medical Insurance,NEFT
TXN0287,2025-02-13,UPI-Vikram Singh,0,1000,1649173.0,Vikram Singh,PERSON,Transfers,Person to Person,UPI
TXN0490,2025-02-13,IMPS/244209787/Sneha R,10000,0,2433778.0,Sneha Reddy,PERSON,Transfers,Person to Person,IMPS
TXN0050,2025-02-14,UPI/965134782024/JIO MOBILE,1200,0,413214.0,Jio,ORGANIZATION,Bills & Utilities,Mobile,UPI
TXN0150,2025-02-14,NEFT-FBBT534101258787-Ananya R,5000,0,803091.0,Ananya Rao,PERSON,Transfers,Person to Person,NEFT
TXN0042,2025-02-15,NEFT-YESB342539766821-STATE BANK OF INDIA,0,5000,431660.0,SBI,ORGANIZATION,Loans & Credit,Own Account Transfer,NEFT
TXN0373,2025-02-15,NEFT-FBBT726839991685-Vikramsingh,0,40000,2049797.0,Vikram Singh,PERSON,Income,Salary,NEFT
TXN0457,2025-02-15,NEFT-YESB823218400002-Uber Technologies,5000,0,2368371.0,Uber,ORGANIZATION,Transportation,Ride Hailing,NEFT
TXN0112,2025-02-16,NEFT-PRIYA NAIR,0,7500,591130.0,Priya Nair,PERSON,Transfers,Person to Person,NEFT
TXN0185,2025-02-16,Amazon.in,3500,0,937397.0,Amazon,ORGANIZATION,Shopping,Online Shopping,ECS
TXN0190,2025-02-16,BESCOM,249,0,970148.0,BESCOM,ORGANIZATION,Bills & Utilities,Electricity,Card
TXN0239,2025-02-17,NEFT-UTR395295136297-HDFC BANK LTD,250,0,1360860.0,HDFC Bank,ORGANIZATION,Fees & Charges,Interest,NEFT
TXN0098,2025-02-18,UPI/582273412927/EMMVEE ENERGY PVT LT,999,0,500528.0,Emmvee Energy Private Limited,ORGANIZATION,Business & Professional,Supplier Payment,UPI
TXN0161,2025-02-18,NEFT-UTR989502767451-K IYER,0,25000,880394.0,Kavya Iyer,PERSON,Income,Salary,NEFT
TXN0223,2025-02-18,NEFT-YESCB651518371426-UPI UPI Amitkumar,2500,0,1169857.0,Amit Kumar,PERSON,Transfers,Person to Person,NEFT
TXN0430,2025-02-18,NEFT-YESCB904065939484-KAVYA IYER,1250,0,2322163.0,Kavya Iyer,PERSON,Transfers,Person to Person,NEFT
TXN0044,2025-02-19,AIRTEL PREPAID,249,0,430912.0,Airtel,ORGANIZATION,Bills & Utilities,Mobile,Card
TXN0238,2025-02-19,IMPS/202418976/KavyaIyer,0,5000,1361110.0,Kavya Iyer,PERSON,Transfers,Person to Person,IMPS
TXN0003,2025-02-20,NEFT-ABC TECHNOLOGIES PVT LTD,399,0,72851.0,ABC Technologies Private Limited,ORGANIZATION,Business & Professional,Professional Services,ECS
TXN0289,2025-02-20,UPI-APOLLO PHARMACY,199,0,1683974.0,Apollo Pharmacy,ORGANIZATION,Healthcare,Pharmacy,ECS
TXN0364,2025-02-20,UPI/121796903985/LIFE INSURANCE CORP,2000,0,1978295.0,LIC,ORGANIZATION,Insurance,Insurance Premium,UPI
TXN0043,2025-02-21,NEFT-YESCB821656143707-ShreeGaneshTraders,499,0,431161.0,Shree Ganesh Traders,ORGANIZATION,Business & Professional,Supplier Payment,NEFT
TXN0352,2025-02-21,IMPS/309833231/S Reddy,0,30000,1931691.0,Sneha Reddy,PERSON,Income,Salary,IMPS
TXN0008,2025-02-23,NEFT-YESCB607507949295-AMAZON ONLINE,2000,0,73552.0,Amazon,ORGANIZATION,Shopping,Online Shopping,NEFT
TXN0278,2025-02-23,NEFT-YESCB528850089728-MEDIASSIST HEALTHCARE,499,0,1612519.0,MediAssist Healthcare,ORGANIZATION,Healthcare,Medical Insurance,NEFT
TXN0076,2025-02-24,UPI-AIRTEL,499,0,450173.0,Airtel,ORGANIZATION,Bills & Utilities,Mobile,Card
TXN0367,2025-02-24,IMPS/691297450/HDFC BANK LTD,0,750,1978096.0,HDFC Bank,ORGANIZATION,Loans & Credit,Loan Disbursement,IMPS
TXN0494,2025-02-24,NEFT-FBBT607381156553-ICICI BANK LTD,0,750,2427029.0,ICICI Bank,ORGANIZATION,Transfers,Own Account Transfer,NEFT
TXN0248,2025-02-25,UPI/413668912860/SWIGGY ONLINE,599,0,1469463.0,Swiggy,ORGANIZATION,Food & Dining,Food Delivery,UPI
TXN0154,2025-02-26,NEFT-YESCB954294433114-PRIYA NAIR,0,60000,856892.0,Priya Nair,PERSON,Income,Salary,NEFT
TXN0266,2025-02-26,UPI-ZOMATO,1200,0,1518167.0,Zomato,ORGANIZATION,Food & Dining,Food Delivery,ECS
TXN0298,2025-02-26,NEFT-UTR531103560912-BharatRetailEnterprises,1500,0,1716876.0,Bharat Retail Enterprises,ORGANIZATION,Business & Professional,Inventory,NEFT
TXN0417,2025-02-26,EMMVEE ENERGY PVT LT,599,0,2349808.0,Emmvee Energy Private Limited,ORGANIZATION,Business & Professional,Supplier Payment,Card
TXN0473,2025-02-26,IMPS/984428681/ICICI BANK LTD,0,2500,2425025.0,ICICI Bank,ORGANIZATION,Transfers,Loan Disbursement,IMPS
TXN0141,2025-02-27,LIC OF INDIA,1200,0,712088.0,LIC,ORGANIZATION,Insurance,Insurance Premium,Card
TXN0314,2025-02-27,UBER PAYMENT,999,0,1744433.0,Uber,ORGANIZATION,Transportation,Ride Hailing,ECS
TXN0060,2025-03-01,UPI/613431605339/Apollo Pharmacy,399,0,440418.0,Apollo Pharmacy,ORGANIZATION,Healthcare,Pharmacy,UPI
TXN0113,2025-03-01,UPI/699910770735/AIRTEL MOBILE,499,0,590631.0,Airtel,ORGANIZATION,Bills & Utilities,Mobile,UPI
TXN0438,2025-03-01,UPI-JIO,999,0,2313817.0,Jio,ORGANIZATION,Bills & Utilities,Mobile,UPI
TXN0497,2025-03-01,UPI/602158565152/AmitKumar,10000,0,2412829.0,Amit Kumar,PERSON,Transfers,Person to Person,UPI
TXN0124,2025-03-02,NEFT-SBI,0,2500,604334.0,SBI,ORGANIZATION,Transfers,Loan Disbursement,ECS
TXN0126,2025-03-02,SBIN,0,25000,626834.0,SBI,ORGANIZATION,Transfers,Loan Disbursement,ECS
TXN0130,2025-03-02,UPI/226813571724/Zomato,499,0,675335.0,Zomato,ORGANIZATION,Food & Dining,Food Delivery,UPI
TXN0194,2025-03-02,UPI/507802091871/LIC INDIA,799,0,966051.0,LIC,ORGANIZATION,Insurance,Insurance Premium,UPI
TXN0200,2025-03-02,UPI-ZOMATO,1200,0,986052.0,Zomato,ORGANIZATION,Food & Dining,Food Delivery,Card
TXN0077,2025-03-03,NEFT-UTR884458179683-EmmveeEnergyPrivateLimited,3500,0,446673.0,Emmvee Energy Private Limited,ORGANIZATION,Business & Professional,Supplier Payment,NEFT
TXN0171,2025-03-03,IMPS/402550088/KavyaIyer,0,30000,895595.0,Kavya Iyer,PERSON,Income,Salary,IMPS
TXN0415,2025-03-03,NEFT-ICICI BANK,0,750,2352907.0,ICICI Bank,ORGANIZATION,Loans & Credit,Own Account Transfer,ECS
TXN0055,2025-03-04,UPI/153534834134/Rahul S,2500,0,424916.0,Rahul Sharma,PERSON,Transfers,Person to Person,UPI
TXN0292,2025-03-04,IMPS/314533665/Sneha R,0,45000,1729125.0,Sneha Reddy,PERSON,Income,Salary,IMPS
TXN0343,2025-03-04,NEFT-YESB831472831027-KAVYA IYER,0,7500,1813489.0,Kavya Iyer,PERSON,Transfers,Person to Person,NEFT
TXN0446,2025-03-05,UPI/619041839496/MediAssist,5000,0,2386019.0,MediAssist Healthcare,ORGANIZATION,Healthcare,Medical Insurance,UPI
TXN0085,2025-03-06,IMPS/970957171/HDFC BANK,5000,0,506525.0,HDFC Bank,ORGANIZATION,Fees & Charges,Loan Repayment,IMPS
TXN0117,2025-03-06,UPI/735798459372/Apollo Pharmacy,249,0,609382.0,Apollo Pharmacy,ORGANIZATION,Healthcare,Pharmacy,UPI
TXN0412,2025-03-06,IMPS/811198748/S Reddy,0,60000,2356157.0,Sneha Reddy,PERSON,Income,Salary,IMPS
TXN0348,2025-03-07,UPI/615593564679/Flipkart India,2500,0,1867691.0,Flipkart,ORGANIZATION,Shopping,Online Shopping,UPI
TXN0058,2025-03-08,AIRTEL PREPAID,3500,0,441416.0,Airtel,ORGANIZATION,Bills & Utilities,Mobile,ECS
TXN0420,2025-03-08,SHREE GANESH TRADERS PVT LT,249,0,2347660.0,Shree Ganesh Traders,ORGANIZATION,Business & Professional,Supplier Payment,ECS
TXN0029,2025-03-09,NEFT-FBBT735906343638-HDFC BANK LTD,0,25000,365556.0,HDFC Bank,ORGANIZATION,Transfers,Loan Disbursement,NEFT
TXN0197,2025-03-09,SHREE GANESH TRADERS PVT LTD,1500,0,989252.0,Shree Ganesh Traders,ORGANIZATION,Business & Professional,Supplier Payment,Card
TXN0307,2025-03-09,EmmveeEnergyPrivateLimited,2000,0,1685180.0,Emmvee Energy Private Limited,ORGANIZATION,Business & Professional,Supplier Payment,Card
TXN0094,2025-03-10,UBER TRIP,1200,0,510626.0,Uber,ORGANIZATION,Transportation,Ride Hailing,ECS
TXN0315,2025-03-10,UPI/568107522363/LIC PREMIUM,5000,0,1739433.0,LIC,ORGANIZATION,Insurance,Insurance Premium,UPI
TXN0410,2025-03-10,UPI/291759000690/BHARAT RETAIL ENTERPRISES,5000,0,2297657.0,Bharat Retail Enterprises,ORGANIZATION,Business & Professional,Inventory,UPI
TXN0143,2025-03-11,UPI-JIO,599,0,771489.0,Jio,ORGANIZATION,Bills & Utilities,Mobile,UPI
TXN0174,2025-03-11,Bharat Retail Enterprises Pvt Ltd,5000,0,878095.0,Bharat Retail Enterprises,ORGANIZATION,Business & Professional,Inventory,ECS
TXN0442,2025-03-11,NEFT-YESB865073311572-EMMVEE ENERGY LTD,799,0,2310269.0,Emmvee Energy Private Limited,ORGANIZATION,Business & Professional,Supplier Payment,NEFT
TXN0116,2025-03-12,UPI/779421443451/NEFT-RAHUL SHARMA,0,1500,609631.0,Rahul Sharma,PERSON,Transfers,Person to Person,UPI
TXN0272,2025-03-12,JIO,1200,0,1551717.0,Jio,ORGANIZATION,Bills & Utilities,Mobile,ECS
TXN0414,2025-03-12,UPI-AIRTEL,2000,0,2352157.0,Airtel,ORGANIZATION,Bills & Utilities,Mobile,Card
TXN0196,2025-03-13,IMPS/226444910/RAHUL SHARMA,0,25000,990752.0,Rahul Sharma,PERSON,Income,Salary,IMPS
TXN0035,2025-03-14,NEFT-YESB428799513174-Ananya R,0,7500,391607.0,Ananya Rao,PERSON,Transfers,Person to Person,NEFT
TXN0163,2025-03-14,UPI/710291255971/BANGALORE ELECTRICITY,1500,0,878644.0,BESCOM,ORGANIZATION,Bills & Utilities,Electricity,UPI
TXN0140,2025-03-15,NEFT-YESCB631101638339-LIC,1500,0,713288.0,LIC,ORGANIZATION,Insurance,Insurance Premium,NEFT
TXN0179,2025-03-15,IMPS/998386592/RAHUL SHARMA,0,30000,935595.0,Rahul Sharma,PERSON,Income,Salary,IMPS
TXN0464,2025-03-15,APOLLOPHARMACY,199,0,2342274.0,Apollo Pharmacy,ORGANIZATION,Healthcare,Pharmacy,Card
TXN0007,2025-03-16,IMPS/481469012/STATE BANK OF INDIA LTD,5000,0,75552.0,SBI,ORGANIZATION,Fees & Charges,Interest,IMPS
TXN0089,2025-03-16,UPI/970967089400/Vikram S,0,3000,505525.0,Vikram Singh,PERSON,Transfers,Person to Person,UPI
TXN0101,2025-03-16,AIRTEL MOBILE,5000,0,489028.0,Airtel,ORGANIZATION,Bills & Utilities,Mobile,ECS
TXN0320,2025-03-16,NEFT-YESCB928768795058-Sneha R,0,60000,1787933.0,Sneha Reddy,PERSON,Income,Salary,NEFT
TXN0390,2025-03-16,HDFC BANK LIMITED,1500,0,2272799.0,HDFC Bank,ORGANIZATION,Fees & Charges,Interest,ECS
TXN0168,2025-03-17,UPI/244388345722/Flipkart.com,3500,0,872095.0,Flipkart,ORGANIZATION,Shopping,Online Shopping,UPI
TXN0436,2025-03-17,IMPS/821160591/NEFT-ANANYA RAO,3000,0,2314066.0,Ananya Rao,PERSON,Transfers,Person to Person,IMPS
TXN0199,2025-03-18,NEFT-YESCB253725751531-ICICI LIMITED,2500,0,987252.0,ICICI Bank,ORGANIZATION,Financial,Bank Charges,NEFT
TXN0227,2025-03-18,NEFT-UTR625347689741-Sneha R,0,35000,1195608.0,Sneha Reddy,PERSON,Income,Salary,NEFT
TXN0388,2025-03-18,IMPS/104096941/NEFT-ABC TECHNOLOGIES PVT LTD,0,60000,2275049.0,ABC Technologies Private Limited,ORGANIZATION,Income,Business Revenue,IMPS
TXN0403,2025-03-18,NEFT-UTR550215520571-HDFC BANK LIMITED,0,1500,2302903.0,HDFC Bank,ORGANIZATION,Transfers,Loan Disbursement,NEFT
TXN0071,2025-03-19,IMPS/174041730/ICICI BANK LIMITED,50000,0,432170.0,ICICI Bank,ORGANIZATION,Loans & Credit,Processing Fee,IMPS
TXN0123,2025-03-19,UPI/203577948775/Flipkart India,199,0,601834.0,Flipkart,ORGANIZATION,Shopping,Online Shopping,UPI
TXN0149,2025-03-19,NEFT-UTR575654803776-STATE BANK OF INDIA LTD,0,1500,808091.0,SBI,ORGANIZATION,Transfers,Loan Disbursement,NEFT
TXN0471,2025-03-19,ABC TECHNOLOGIES PRIVATE LTD,249,0,2417525.0,ABC Technologies Private Limited,ORGANIZATION,Business & Professional,Professional Services,Card
TXN0079,2025-03-20,UPI-LIC,1200,0,444974.0,LIC,ORGANIZATION,Insurance,Insurance Premium,Card
TXN0329,2025-03-20,UPI/183652247871/NETFLIX.COM,2000,0,1792735.0,Netflix,ORGANIZATION,Entertainment,OTT / Streaming,UPI
TXN0167,2025-03-21,UPI-Sneha Reddy,0,1250,875595.0,Sneha Reddy,PERSON,Transfers,Person to Person,UPI
TXN0011,2025-03-22,NEFT-KAVYA IYER,0,50000,223552.0,Kavya Iyer,PERSON,Income,Salary,NEFT
TXN0033,2025-03-22,IMPS/177892576/AmitKumar,0,35000,385307.0,Amit Kumar,PERSON,Income,Salary,IMPS
TXN0048,2025-03-22,FLIPKART PAYMENT,7500,0,414713.0,Flipkart,ORGANIZATION,Shopping,Online Shopping,Card
TXN0081,2025-03-22,UPI/678790685708/Ananyarao,1250,0,478724.0,Ananya Rao,PERSON,Transfers,Person to Person,UPI
TXN0358,2025-03-22,NEFT-YESB323095868636-HDFC LTD,0,2500,1929043.0,HDFC Bank,ORGANIZATION,Transfers,Own Account Transfer,NEFT
TXN0467,2025-03-22,IMPS/686923535/SBI,0,1000,2386774.0,SBI,ORGANIZATION,Transfers,Loan Disbursement,IMPS
TXN0350,2025-03-23,NEFT-RAHUL SHARMA,0,40000,1900191.0,Rahul Sharma,PERSON,Income,Salary,NEFT
TXN0097,2025-03-24,NEFT-UTR157609459666-KavyaIyer,10000,0,501527.0,Kavya Iyer,PERSON,Transfers,Person to Person,NEFT
TXN0134,2025-03-24,Amazon India,499,0,664837.0,Amazon,ORGANIZATION,Shopping,Online Shopping,Card
TXN0049,2025-03-25,NEFT-UTR844657758783-JIO RECHARGE,299,0,414414.0,Jio,ORGANIZATION,Bills & Utilities,Mobile,NEFT
TXN0240,2025-03-26,IMPS/226942964/ANANYA RAO,0,35000,1395860.0,Ananya Rao,PERSON,Income,Salary,IMPS
TXN0267,2025-03-26,IMPS/982177625/Ananyarao,0,30000,1548167.0,Ananya Rao,PERSON,Income,Salary,IMPS
TXN0276,2025-03-26,UPI/726582274627/Flipkart.com,7500,0,1578018.0,Flipkart,ORGANIZATION,Shopping,Online Shopping,UPI
TXN0184,2025-03-27,UPI/793545010398/NEFT-AMIT KUMAR,0,10000,940897.0,Amit Kumar,PERSON,Transfers,Person to Person,UPI
TXN0262,2025-03-27,NEFT-UTR370215467820-ABC Technologies Private Limited,0,30000,1527965.0,ABC Technologies Private Limited,ORGANIZATION,Income,Business Revenue,NEFT
TXN0382,2025-03-27,UPI/890737987526/Airtel Payments,399,0,2201049.0,Airtel,ORGANIZATION,Bills & Utilities,Mobile,UPI
TXN0419,2025-03-27,UPI-NETFLIX,399,0,2347909.0,Netflix,ORGANIZATION,Entertainment,OTT / Streaming,Card
TXN0063,2025-03-28,MEDIASSIST TPA,299,0,422619.0,MediAssist Healthcare,ORGANIZATION,Healthcare,Medical Insurance,ECS
TXN0189,2025-03-28,IMPS/746879296/HDFC LTD,0,2500,970397.0,HDFC Bank,ORGANIZATION,Transfers,Loan Disbursement,IMPS
TXN0217,2025-03-28,NEFT-UTR145097491216-LIC OF INDIA,299,0,1142857.0,LIC,ORGANIZATION,Insurance,Insurance Premium,NEFT
TXN0378,2025-03-28,IMPS/703418543/PriyaNair,0,45000,2199198.0,Priya Nair,PERSON,Income,Salary,IMPS
TXN0162,2025-03-29,SBI BANK,250,0,880144.0,SBI,ORGANIZATION,Loans & Credit,Interest,ECS
TXN0423,2025-03-29,NEFT-YESB467166363951-SHREE GANESH TRADERS PVT LTD,599,0,2334561.0,Shree Ganesh Traders,ORGANIZATION,Business & Professional,Supplier Payment,NEFT
TXN0104,2025-03-30,IMPS/356415500/UPI UPI Rohangupta,0,50000,588278.0,Rohan Gupta,PERSON,Income,Salary,IMPS
TXN0204,2025-03-30,NEFT-FBBT686754501625-ICICI BANK LTD,1500,0,993754.0,ICICI Bank,ORGANIZATION,Loans & Credit,Processing Fee,NEFT
TXN0210,2025-03-30,NEFT-UTR392584003727-STATE BANK OF INDIA LTD,0,25000,1111504.0,SBI,ORGANIZATION,Loans & Credit,Own Account Transfer,NEFT
TXN0345,2025-03-30,NEFT-FBBT946615607057-Airtel Payments,599,0,1810390.0,Airtel,ORGANIZATION,Bills & Utilities,Mobile,NEFT
TXN0354,2025-03-30,UPI-ZOMATO,199,0,1931293.0,Zomato,ORGANIZATION,Food & Dining,Food Delivery,ECS
TXN0155,2025-03-31,NEFT-FBBT289825836961-ApolloPharmacy,249,0,856643.0,Apollo Pharmacy,ORGANIZATION,Healthcare,Pharmacy,NEFT
TXN0228,2025-03-31,UPI-AIRTEL,249,0,1195359.0,Airtel,ORGANIZATION,Bills & Utilities,Mobile,ECS
TXN0192,2025-04-01,UPI/501176618180/TATA MUTUALFUND,2000,0,967149.0,Tata Mutual Fund,ORGANIZATION,Investments,Mutual Fund SIP,UPI
TXN0297,2025-04-01,IMPS/377818215/SURESH PATEL,0,2000,1718376.0,Suresh Patel,PERSON,Transfers,Person to Person,IMPS
TXN0462,2025-04-01,TATA MF SIP,2500,0,2352473.0,Tata Mutual Fund,ORGANIZATION,Investments,Mutual Fund SIP,Card
TXN0500,2025-04-01,UPI-LIC,3500,0,2410330.0,LIC,ORGANIZATION,Insurance,Insurance Premium,ECS
TXN0362,2025-04-02,SWIGGY PAYMENT,499,0,1955295.0,Swiggy,ORGANIZATION,Food & Dining,Food Delivery,Card
TXN0118,2025-04-04,AMAZON IN,599,0,608783.0,Amazon,ORGANIZATION,Shopping,Online Shopping,ECS
TXN0170,2025-04-04,NETFLIX.COM,1500,0,865595.0,Netflix,ORGANIZATION,Entertainment,OTT / Streaming,Card
TXN0215,2025-04-04,UPI/178548946195/LIC,799,0,1148156.0,LIC,ORGANIZATION,Insurance,Insurance Premium,UPI
TXN0349,2025-04-04,UPI/556332815629/ApolloPharmacy,7500,0,1860191.0,Apollo Pharmacy,ORGANIZATION,Healthcare,Pharmacy,UPI
TXN0176,2025-04-06,NEFT-YESCB413697123579-VIKRAM SINGH,0,40000,913095.0,Vikram Singh,PERSON,Income,Salary,NEFT
TXN0195,2025-04-06,AMAZON ONLINE,299,0,965752.0,Amazon,ORGANIZATION,Shopping,Online Shopping,Card
TXN0274,2025-04-06,IMPS/507231644/HDFC BANKING,1000,0,1585717.0,HDFC Bank,ORGANIZATION,Fees & Charges,Loan Repayment,IMPS
TXN0413,2025-04-06,UPI-JIO,2000,0,2354157.0,Jio,ORGANIZATION,Bills & Utilities,Mobile,UPI
TXN0453,2025-04-06,NEFT-UTR379632270419-Swiggy,999,0,2376621.0,Swiggy,ORGANIZATION,Food & Dining,Food Delivery,NEFT
TXN0006,2025-04-07,UPI/947087372942/Vikramsingh,0,7500,80552.0,Vikram Singh,PERSON,Transfers,Person to Person,UPI
TXN0166,2025-04-07,UPI/495215290807/BESCOM POWER,299,0,874345.0,BESCOM,ORGANIZATION,Bills & Utilities,Electricity,UPI
TXN0261,2025-04-07,NEFT-YESCB329692249128-SWIGGY INDIA,249,0,1497965.0,Swiggy,ORGANIZATION,Food & Dining,Food Delivery,NEFT
TXN0275,2025-04-07,NEFT-YESB810533231606-SWIGGY PAYMENT,199,0,1585518.0,Swiggy,ORGANIZATION,Food & Dining,Food Delivery,NEFT
TXN0499,2025-04-07,AMAZON ONLINE,499,0,2413830.0,Amazon,ORGANIZATION,Shopping,Online Shopping,ECS
TXN0005,2025-04-08,NEFT-AMIT KUMAR,0,500,73052.0,Amit Kumar,PERSON,Transfers,Person to Person,NEFT
TXN0009,2025-04-08,NEFT-FBBT945433611429-S PATEL,0,60000,133552.0,Suresh Patel,PERSON,Income,Salary,NEFT
TXN0172,2025-04-08,NEFT-YESCB378627421655-TATA MF,5000,0,890595.0,Tata Mutual Fund,ORGANIZATION,Investments,Mutual Fund SIP,NEFT
TXN0264,2025-04-08,LIC INDIA,499,0,1519966.0,LIC,ORGANIZATION,Insurance,Insurance Premium,Card
TXN0290,2025-04-08,UPI-BESCOM,599,0,1683375.0,BESCOM,ORGANIZATION,Bills & Utilities,Electricity,ECS
TXN0369,2025-04-08,UPI-LIC,1200,0,1974396.0,LIC,ORGANIZATION,Insurance,Insurance Premium,ECS
TXN0422,2025-04-08,NEFT-YESCB323305433678-TATA MUTUAL FUND,5000,0,2335160.0,Tata Mutual Fund,ORGANIZATION,Investments,Mutual Fund SIP,NEFT
TXN0433,2025-04-08,NEFT-VIKRAM SINGH,1250,0,2320065.0,Vikram Singh,PERSON,Transfers,Person to Person,NEFT
TXN0047,2025-04-09,STATE BANK INDIA,5000,0,422213.0,SBI,ORGANIZATION,Loans & Credit,Bank Charges,ECS
TXN0216,2025-04-09,UPI/509713696703/ABC TECHNOLOGIES PRIVATE LTD,5000,0,1143156.0,ABC Technologies Private Limited,ORGANIZATION,Business & Professional,Professional Services,UPI
TXN0335,2025-04-09,NEFT-YESCB809859170860-TATA MUTUALFUND,3500,0,1779087.0,Tata Mutual Fund,ORGANIZATION,Investments,Mutual Fund SIP,NEFT
TXN0409,2025-04-09,NEFT-YESCB326248978305-Suresh P,1250,0,2302657.0,Suresh Patel,PERSON,Transfers,Person to Person,NEFT
TXN0062,2025-04-10,HDFC BANKING,10000,0,422918.0,HDFC Bank,ORGANIZATION,Loans & Credit,Processing Fee,ECS
TXN0183,2025-04-10,NEFT-YESB738968732973-HDFC LTD,2500,0,930897.0,HDFC Bank,ORGANIZATION,Loans & Credit,Processing Fee,NEFT
TXN0108,2025-04-12,BESCOM POWER,2000,0,559929.0,BESCOM,ORGANIZATION,Bills & Utilities,Electricity,ECS
TXN0398,2025-04-12,UPI/259556498845/AIRTEL INDIA,999,0,2252202.0,Airtel,ORGANIZATION,Bills & Utilities,Mobile,UPI
TXN0021,2025-04-13,NEFT-YESCB469642176604-ICICI BANK LTD,0,25000,239053.0,ICICI Bank,ORGANIZATION,Transfers,Loan Disbursement,NEFT
TXN0045,2025-04-13,UPI/139794875013/ABC TECHNOLOGIES PRIVATE LTD,199,0,430713.0,ABC Technologies Private Limited,ORGANIZATION,Business & Professional,Professional Services,UPI
TXN0137,2025-04-13,UPI-FLIPKART,799,0,704038.0,Flipkart,ORGANIZATION,Shopping,Online Shopping,Card
TXN0304,2025-04-14,Uber Technologies,2000,0,1682779.0,Uber,ORGANIZATION,Transportation,Ride Hailing,ECS
TXN0416,2025-04-14,NEFT-FBBT884804555817-UPI UPI Swiggy,2500,0,2350407.0,Swiggy,ORGANIZATION,Food & Dining,Food Delivery,NEFT
TXN0028,2025-04-15,UPI/529433631560/Ola Mobility,799,0,340556.0,Ola,ORGANIZATION,Transportation,Ride Hailing,UPI
TXN0249,2025-04-15,IMPS/503346325/Arjunmehta,0,2000,1471463.0,Arjun Mehta,PERSON,Transfers,Person to Person,IMPS
TXN0258,2025-04-15,UPI/985383248994/KavyaIyer,0,1250,1472464.0,Kavya Iyer,PERSON,Transfers,Person to Person,UPI
TXN0360,2025-04-15,IMPS/269238221/Amit K,3000,0,1925794.0,Amit Kumar,PERSON,Transfers,Person to Person,IMPS
TXN0232,2025-04-16,NEFT-YESCB819007192634-KAVYA IYER,0,25000,1362359.0,Kavya Iyer,PERSON,Income,Salary,NEFT
TXN0270,2025-04-16,UPI/802733251364/SNEHA REDDY,500,0,1552667.0,Sneha Reddy,PERSON,Transfers,Person to Person,UPI
TXN0286,2025-04-16,NEFT-YESCB519555237488-Amazon.in,7500,0,1648173.0,Amazon,ORGANIZATION,Shopping,Online Shopping,NEFT
TXN0321,2025-04-16,IMPS/917626034/HDFC BANK LIMITED,750,0,1787183.0,HDFC Bank,ORGANIZATION,Loans & Credit,Bank Charges,IMPS
TXN0400,2025-04-16,NEFT-YESCB543564526216-UPI UPI Sureshpatel,0,50000,2300702.0,Suresh Patel,PERSON,Income,Salary,NEFT
TXN0061,2025-04-17,IMPS/909037759/NEFT-KAVYA IYER,7500,0,432918.0,Kavya Iyer,PERSON,Transfers,Person to Person,IMPS
TXN0147,2025-04-17,IMPS/828519068/ROHAN GUPTA,0,40000,806990.0,Rohan Gupta,PERSON,Income,Salary,IMPS
TXN0455,2025-04-17,NEFT-YESCB649600571250-SURESH PATEL,0,3000,2380871.0,Suresh Patel,PERSON,Transfers,Person to Person,NEFT
TXN0032,2025-04-18,BHARAT RETAIL PVT LTD,7500,0,350307.0,Bharat Retail Enterprises,ORGANIZATION,Business & Professional,Inventory,Card
TXN0066,2025-04-18,NEFT-FBBT813927597991-UPI UPI Rahulsharma,0,18000,489869.0,Rahul Sharma,PERSON,Income,Salary,NEFT
TXN0145,2025-04-18,UPI-UBER,499,0,768490.0,Uber,ORGANIZATION,Transportation,Ride Hailing,Card
TXN0288,2025-04-18,NEFT-UTR776860244526-UPI-Rahul Sharma,0,35000,1684173.0,Rahul Sharma,PERSON,Income,Salary,NEFT
TXN0310,2025-04-18,UPI-MEDIASSIST,299,0,1693131.0,MediAssist Healthcare,ORGANIZATION,Healthcare,Medical Insurance,ECS
TXN0014,2025-04-19,UPI-MEDIASSIST,1500,0,220253.0,MediAssist Healthcare,ORGANIZATION,Healthcare,Medical Insurance,ECS
TXN0252,2025-04-19,Netflix India,999,0,1467964.0,Netflix,ORGANIZATION,Entertainment,OTT / Streaming,Card
TXN0331,2025-04-19,EMMVEE ENERGY PRIVATE LIMITED,399,0,1791337.0,Emmvee Energy Private Limited,ORGANIZATION,Business & Professional,Supplier Payment,ECS
TXN0087,2025-04-20,NEFT-YESCB826986119473-ANANYA RAO,0,22000,503525.0,Ananya Rao,PERSON,Income,Salary,NEFT
TXN0133,2025-04-20,EMMVEE ENERGY PVT LT,7500,0,665336.0,Emmvee Energy Private Limited,ORGANIZATION,Business & Professional,Supplier Payment,ECS
TXN0389,2025-04-20,UPI UPI Sureshpatel,750,0,2274299.0,Suresh Patel,PERSON,Transfers,Person to Person,UPI
TXN0025,2025-04-21,UPI/472494841003/SIP-TATA MF,5000,0,231355.0,Tata Mutual Fund,ORGANIZATION,Investments,Mutual Fund SIP,UPI
TXN0016,2025-04-22,UPI/656795048359/R SHARMA,0,5000,217753.0,Rahul Sharma,PERSON,Transfers,Person to Person,UPI
TXN0392,2025-04-23,UPI/205945970322/NETFLIX INDIA,499,0,2271701.0,Netflix,ORGANIZATION,Entertainment,OTT / Streaming,UPI
TXN0039,2025-04-24,UPI/741535897688/TATA MUTUAL FUND AMC,199,0,425459.0,Tata Mutual Fund,ORGANIZATION,Investments,Mutual Fund SIP,UPI
TXN0284,2025-04-24,UPI/712277588519/AIRTEL,299,0,1656272.0,Airtel,ORGANIZATION,Bills & Utilities,Mobile,UPI
TXN0313,2025-04-24,NEFT-FBBT400788135049-AMAZON ONLINE,199,0,1745432.0,Amazon,ORGANIZATION,Shopping,Online Shopping,NEFT
TXN0246,2025-04-25,SHREE GANESH TRADERS PVT LTD,1200,0,1470261.0,Shree Ganesh Traders,ORGANIZATION,Business & Professional,Supplier Payment,ECS
TXN0396,2025-04-25,UPI/790727652974/ArjunMehta,1000,0,2260701.0,Arjun Mehta,PERSON,Transfers,Person to Person,UPI
TXN0408,2025-04-25,UPI/131289134744/NEFT-ROHAN GUPTA,0,2000,2303907.0,Rohan Gupta,PERSON,Transfers,Person to Person,UPI
TXN0159,2025-04-26,NEFT-YESB755476469892-Amit K,0,750,857894.0,Amit Kumar,PERSON,Transfers,Person to Person,NEFT
TXN0175,2025-04-26,NEFT-SBI,5000,0,873095.0,SBI,ORGANIZATION,Financial,Processing Fee,NEFT
TXN0202,2025-04-26,NEFT-YESCB651613895273-BHARAT RETAIL PVT LTD,299,0,995753.0,Bharat Retail Enterprises,ORGANIZATION,Business & Professional,Inventory,NEFT
TXN0211,2025-04-26,IMPS/451581531/RAHUL SHARMA,0,35000,1146504.0,Rahul Sharma,PERSON,Income,Salary,IMPS
TXN0281,2025-04-26,LIC PREMIUM,799,0,1656220.0,LIC,ORGANIZATION,Insurance,Insurance Premium,ECS
TXN0452,2025-04-26,NEFT-FBBT673582963489-SNEHA REDDY,0,2000,2377620.0,Sneha Reddy,PERSON,Transfers,Person to Person,NEFT
TXN0107,2025-04-27,IMPS/843785903/NEFT-ARJUN MEHTA,750,0,561929.0,Arjun Mehta,PERSON,Transfers,Person to Person,IMPS
TXN0236,2025-04-27,NEFT-YESB277513936539-ICICI BANKING,0,750,1358610.0,ICICI Bank,ORGANIZATION,Transfers,Own Account Transfer,NEFT
TXN0451,2025-04-27,IMPS/490084550/HDFC BANK LIMITED,1000,0,2375620.0,HDFC Bank,ORGANIZATION,Fees & Charges,Processing Fee,IMPS
TXN0073,2025-04-28,TATA MF,2500,0,428871.0,Tata Mutual Fund,ORGANIZATION,Investments,Mutual Fund SIP,Card
TXN0237,2025-04-28,UBER,2500,0,1356110.0,Uber,ORGANIZATION,Transportation,Ride Hailing,Card
TXN0027,2025-04-29,NEFT-YESB281403868608-UPI UPI Rahulsharma,0,60000,341355.0,Rahul Sharma,PERSON,Income,Salary,NEFT
TXN0259,2025-04-29,NEFT-ICICI BANK,0,25000,1497464.0,ICICI Bank,ORGANIZATION,Loans & Credit,Own Account Transfer,NEFT
TXN0299,2025-04-29,UPI/194324902957/Bharat Retail Enterprises Pvt Ltd,599,0,1716277.0,Bharat Retail Enterprises,ORGANIZATION,Business & Professional,Inventory,UPI
TXN0092,2025-04-30,MEDIASSIST HEALTHCARE TPA,1200,0,511576.0,MediAssist Healthcare,ORGANIZATION,Healthcare,Medical Insurance,ECS
TXN0120,2025-04-30,NEFT-UTR387822589021-STATE BANK OF INDIA LTD,5000,0,604533.0,SBI,ORGANIZATION,Financial,Processing Fee,NEFT
TXN0241,2025-04-30,IMPS/494647257/A KUMAR,0,60000,1455860.0,Amit Kumar,PERSON,Income,Salary,IMPS
TXN0122,2025-05-01,UPI-Ananya Rao,10000,0,602033.0,Ananya Rao,PERSON,Transfers,Person to Person,UPI
TXN0158,2025-05-01,UPI/608139332488/JIO INDIA,499,0,857144.0,Jio,ORGANIZATION,Bills & Utilities,Mobile,UPI
TXN0177,2025-05-01,APOLLOPHARMACY,2500,0,910595.0,Apollo Pharmacy,ORGANIZATION,Healthcare,Pharmacy,ECS
TXN0243,2025-05-01,UPI/183158232800/Ola Mobility,399,0,1480461.0,Ola,ORGANIZATION,Transportation,Ride Hailing,UPI
TXN0265,2025-05-01,BESCOM ELECTRICITY,599,0,1519367.0,BESCOM,ORGANIZATION,Bills & Utilities,Electricity,Card
TXN0138,2025-05-02,NEFT-FBBT245220443325-PRIYA NAIR,0,750,704788.0,Priya Nair,PERSON,Transfers,Person to Person,NEFT
TXN0220,2025-05-02,UPI/794444859626/LIC INDIA,2000,0,1180857.0,LIC,ORGANIZATION,Insurance,Insurance Premium,UPI
TXN0233,2025-05-02,Ola Mobility,499,0,1361860.0,Ola,ORGANIZATION,Transportation,Ride Hailing,Card
TXN0277,2025-05-02,NEFT-YESCB118530570661-R SHARMA,0,35000,1613018.0,Rahul Sharma,PERSON,Income,Salary,NEFT
TXN0402,2025-05-02,HDFC BANK,0,1500,2301403.0,HDFC Bank,ORGANIZATION,Transfers,Own Account Transfer,ECS
TXN0230,2025-05-03,IMPS/895525625/UPI-Rohan Gupta,0,60000,1277359.0,Rohan Gupta,PERSON,Income,Salary,IMPS
TXN0368,2025-05-03,UPI/120593707834/NEFT-VIKRAM SINGH,2500,0,1975596.0,Vikram Singh,PERSON,Transfers,Person to Person,UPI
TXN0426,2025-05-03,UPI UPI Swiggy,399,0,2332412.0,Swiggy,ORGANIZATION,Food & Dining,Food Delivery,Card
TXN0115,2025-05-04,IMPS/524993183/K IYER,0,7500,608131.0,Kavya Iyer,PERSON,Transfers,Person to Person,IMPS
TXN0109,2025-05-05,NEFT-YESB933646465420-SBI BANK,1000,0,558929.0,SBI,ORGANIZATION,Financial,Processing Fee,NEFT
TXN0312,2025-05-05,NEFT-UTR879174199684-K IYER,0,2500,1745631.0,Kavya Iyer,PERSON,Transfers,Person to Person,NEFT
TXN0404,2025-05-05,NEFT-YESB878725344094-LIC OF INDIA,199,0,2302704.0,LIC,ORGANIZATION,Insurance,Insurance Premium,NEFT
TXN0018,2025-05-06,UPI/189966462838/Amit K,0,1250,214003.0,Amit Kumar,PERSON,Transfers,Person to Person,UPI
TXN0078,2025-05-06,NEFT-UTR369259175565-ZOMATO,499,0,446174.0,Zomato,ORGANIZATION,Food & Dining,Food Delivery,NEFT
TXN0084,2025-05-06,IMPS/155165334/NEFT-RAHUL SHARMA,0,3000,511525.0,Rahul Sharma,PERSON,Transfers,Person to Person,IMPS
TXN0268,2025-05-06,NEFT-YESCB700094177194-ICICI LIMITED,0,10000,1558167.0,ICICI Bank,ORGANIZATION,Loans & Credit,Own Account Transfer,NEFT
TXN0269,2025-05-06,UPI/107577777649/Ananya R,5000,0,1553167.0,Ananya Rao,PERSON,Transfers,Person to Person,UPI
TXN0311,2025-05-06,NEFT-FBBT112678064653-UPI-Priya Nair,0,50000,1743131.0,Priya Nair,PERSON,Income,Salary,NEFT
TXN0013,2025-05-07,NEFT-YESCB850726264460-Rahul S,1000,0,221753.0,Rahul Sharma,PERSON,Transfers,Person to Person,NEFT
TXN0235,2025-05-07,NEFT-YESB410676640252-VIKRAM SINGH,1500,0,1357860.0,Vikram Singh,PERSON,Transfers,Person to Person,NEFT
TXN0447,2025-05-07,STATE BANK OF INDIA LTD,0,2500,2388519.0,SBI,ORGANIZATION,Loans & Credit,Own Account Transfer,ECS
TXN0180,2025-05-08,NEFT-YESCB569402438924-ZOMATO PAYMENT,1200,0,934395.0,Zomato,ORGANIZATION,Food & Dining,Food Delivery,NEFT
TXN0338,2025-05-08,UPI/525768624477/AMAZON ONLINE,7500,0,1804587.0,Amazon,ORGANIZATION,Shopping,Online Shopping,UPI
TXN0381,2025-05-08,UPI/802957402877/PriyaNair,0,2000,2201448.0,Priya Nair,PERSON,Transfers,Person to Person,UPI
TXN0341,2025-05-09,UPI/187230385877/TATA MF SIP,799,0,1800989.0,Tata Mutual Fund,ORGANIZATION,Investments,Mutual Fund SIP,UPI
TXN0370,2025-05-09,IMPS/401649155/SnehaReddy,0,18000,1992396.0,Sneha Reddy,PERSON,Income,Salary,IMPS
TXN0495,2025-05-09,UPI/929640980748/MEDIASSIST HEALTHCARE TPA,1200,0,2425829.0,MediAssist Healthcare,ORGANIZATION,Healthcare,Medical Insurance,UPI
TXN0072,2025-05-10,ZOMATO LTD,799,0,431371.0,Zomato,ORGANIZATION,Food & Dining,Food Delivery,ECS
TXN0160,2025-05-10,UPI/815419817911/ABC TECHNOLOGIES PVT LT,2500,0,855394.0,ABC Technologies Private Limited,ORGANIZATION,Business & Professional,Professional Services,UPI
TXN0296,2025-05-10,NEFT-ICICI BANK,2500,0,1716376.0,ICICI Bank,ORGANIZATION,Financial,Loan Repayment,NEFT
TXN0405,2025-05-10,NEFT-YESCB370830447947-BharatRetailEnterprises,199,0,2302505.0,Bharat Retail Enterprises,ORGANIZATION,Business & Professional,Inventory,NEFT
TXN0407,2025-05-10,NEFT-FBBT754934352045-FLIPKART PAYMENT,199,0,2301907.0,Flipkart,ORGANIZATION,Shopping,Online Shopping,NEFT
TXN0342,2025-05-11,IMPS/162176039/SBI BANK,0,5000,1805989.0,SBI,ORGANIZATION,Loans & Credit,Own Account Transfer,IMPS
TXN0476,2025-05-11,NEFT-FBBT192401474145-UPI-SWIGGY,7500,0,2402525.0,Swiggy,ORGANIZATION,Food & Dining,Food Delivery,NEFT
TXN0193,2025-05-12,UBER,299,0,966850.0,Uber,ORGANIZATION,Transportation,Ride Hailing,ECS
TXN0285,2025-05-12,UPI/417880582454/ZOMATO,599,0,1655673.0,Zomato,ORGANIZATION,Food & Dining,Food Delivery,UPI
TXN0469,2025-05-12,IMPS/373821508/UPI UPI Rahulsharma,0,5000,2392774.0,Rahul Sharma,PERSON,Transfers,Person to Person,IMPS
TXN0496,2025-05-12,IMPS/623601769/ArjunMehta,3000,0,2422829.0,Arjun Mehta,PERSON,Transfers,Person to Person,IMPS
TXN0351,2025-05-13,NEFT-UTR503761153175-HDFC BANK,0,1500,1901691.0,HDFC Bank,ORGANIZATION,Transfers,Own Account Transfer,NEFT
TXN0245,2025-05-14,OLA INDIA,1500,0,1471461.0,Ola,ORGANIZATION,Transportation,Ride Hailing,ECS
TXN0301,2025-05-14,EMMVEE ENERGY PRIVATE LIMITED,999,0,1714779.0,Emmvee Energy Private Limited,ORGANIZATION,Business & Professional,Supplier Payment,ECS
TXN0356,2025-05-14,UPI-LIC,2500,0,1928043.0,LIC,ORGANIZATION,Insurance,Insurance Premium,UPI
TXN0394,2025-05-14,ABC Technologies Pvt. Ltd.,5000,0,2263201.0,ABC Technologies Private Limited,ORGANIZATION,Business & Professional,Professional Services,ECS
TXN0429,2025-05-14,NEFT-FBBT492947325349-UPI-BESCOM,7500,0,2323413.0,BESCOM,ORGANIZATION,Bills & Utilities,Electricity,NEFT
TXN0463,2025-05-14,UPI/279467494214/KavyaIyer,10000,0,2342473.0,Kavya Iyer,PERSON,Transfers,Person to Person,UPI
TXN0472,2025-05-14,NEFT-UTR482646992483-AnanyaRao,0,5000,2422525.0,Ananya Rao,PERSON,Transfers,Person to Person,NEFT
TXN0182,2025-05-15,BharatRetailEnterprises,199,0,933397.0,Bharat Retail Enterprises,ORGANIZATION,Business & Professional,Inventory,ECS
TXN0225,2025-05-15,UBER TRIP,7500,0,1161607.0,Uber,ORGANIZATION,Transportation,Ride Hailing,Card
TXN0135,2025-05-16,NEFT-ROHAN GUPTA,0,45000,709837.0,Rohan Gupta,PERSON,Income,Salary,NEFT
TXN0251,2025-05-16,IMPS/684593732/Sneha R,500,0,1468963.0,Sneha Reddy,PERSON,Transfers,Person to Person,IMPS
TXN0355,2025-05-16,NEFT-HDFC BANK,750,0,1930543.0,HDFC Bank,ORGANIZATION,Financial,Processing Fee,NEFT
TXN0427,2025-05-16,NEFT-FBBT243074346821-R SHARMA,1250,0,2331162.0,Rahul Sharma,PERSON,Transfers,Person to Person,NEFT
TXN0064,2025-05-17,NEFT-UTR299551475357-K IYER,750,0,421869.0,Kavya Iyer,PERSON,Transfers,Person to Person,NEFT
TXN0325,2025-05-17,TATA MUTUAL,399,0,1793584.0,Tata Mutual Fund,ORGANIZATION,Investments,Mutual Fund SIP,ECS
TXN0432,2025-05-17,UPI/587121341878/SWIGGY PAYMENT,249,0,2321315.0,Swiggy,ORGANIZATION,Food & Dining,Food Delivery,UPI
TXN0121,2025-05-18,IMPS/351064359/A KUMAR,0,7500,612033.0,Amit Kumar,PERSON,Transfers,Person to Person,IMPS
TXN0030,2025-05-19,IMPS/299528037/AMIT KUMAR,7500,0,358056.0,Amit Kumar,PERSON,Transfers,Person to Person,IMPS
TXN0119,2025-05-19,HDFC BANKING,0,750,609533.0,HDFC Bank,ORGANIZATION,Transfers,Own Account Transfer,ECS
TXN0002,2025-05-20,UPI/714294294451/KAVYA IYER,750,0,73250.0,Kavya Iyer,PERSON,Transfers,Person to Person,UPI
TXN0187,2025-05-20,NEFT-FBBT154893296571-SWIGGY INDIA,2000,0,927897.0,Swiggy,ORGANIZATION,Food & Dining,Food Delivery,NEFT
TXN0208,2025-05-20,IMPS/839393192/UPI UPI SnehaReddy,0,30000,1085254.0,Sneha Reddy,PERSON,Income,Salary,IMPS
TXN0353,2025-05-20,Netflix India,199,0,1931492.0,Netflix,ORGANIZATION,Entertainment,OTT / Streaming,ECS
TXN0384,2025-05-20,NEFT-YESCB179247676042-EMMVEE ENERGY LTD,5000,0,2197049.0,Emmvee Energy Private Limited,ORGANIZATION,Business & Professional,Supplier Payment,NEFT
TXN0391,2025-05-20,NEFT-UTR387954437064-UPI-LIC,599,0,2272200.0,LIC,ORGANIZATION,Insurance,Insurance Premium,NEFT
TXN0484,2025-05-20,IMPS/232322744/SureshPatel,0,35000,2445577.0,Suresh Patel,PERSON,Income,Salary,IMPS
TXN0020,2025-05-21,NEFT-YESCB442364508902-Ananyarao,0,1250,214053.0,Ananya Rao,PERSON,Transfers,Person to Person,NEFT
TXN0080,2025-05-21,IMPS/306785808/UPI-Kavya Iyer,0,35000,479974.0,Kavya Iyer,PERSON,Income,Salary,IMPS
TXN0326,2025-05-21,UPI/119153757830/EMMVEE ENERGY LTD,599,0,1792985.0,Emmvee Energy Private Limited,ORGANIZATION,Business & Professional,Supplier Payment,UPI
TXN0363,2025-05-21,NEFT-YESB242688641049-KAVYA IYER,0,25000,1980295.0,Kavya Iyer,PERSON,Income,Salary,NEFT
TXN0448,2025-05-21,UPI/592087438029/MEDIASSIST,399,0,2388120.0,MediAssist Healthcare,ORGANIZATION,Healthcare,Medical Insurance,UPI
TXN0040,2025-05-22,UPI/831216162375/ARJUN MEHTA,0,2000,427459.0,Arjun Mehta,PERSON,Transfers,Person to Person,UPI
TXN0102,2025-05-22,IMPS/386874458/NEFT-SNEHA REDDY,750,0,488278.0,Sneha Reddy,PERSON,Transfers,Person to Person,IMPS
TXN0056,2025-05-23,IMPS/575209597/UPI UPI Rahulsharma,0,25000,449916.0,Rahul Sharma,PERSON,Income,Salary,IMPS
TXN0139,2025-05-23,UPI/158931506885/A RAO,0,10000,714788.0,Ananya Rao,PERSON,Transfers,Person to Person,UPI
TXN0257,2025-05-23,LIFE INSURANCE CORP,2000,0,1471214.0,LIC,ORGANIZATION,Insurance,Insurance Premium,ECS
TXN0418,2025-05-23,NEFT-YESCB851391314460-UPI UPI Priyanair,1500,0,2348308.0,Priya Nair,PERSON,Transfers,Person to Person,NEFT
TXN0450,2025-05-23,AMAZON PAY,1500,0,2376620.0,Amazon,ORGANIZATION,Shopping,Online Shopping,Card
TXN0012,2025-05-24,TATA MUTUAL FUND AMC,799,0,222753.0,Tata Mutual Fund,ORGANIZATION,Investments,Mutual Fund SIP,Card
TXN0247,2025-05-24,RELIANCE JIO,199,0,1470062.0,Jio,ORGANIZATION,Bills & Utilities,Mobile,ECS
TXN0086,2025-05-25,IMPS/731924051/STATE BANK OF INDIA,25000,0,481525.0,SBI,ORGANIZATION,Fees & Charges,Bank Charges,IMPS
TXN0128,2025-05-25,NEFT-FBBT262239677678-RohanGupta,0,30000,674834.0,Rohan Gupta,PERSON,Income,Salary,NEFT
TXN0144,2025-05-25,UPI/513240849105/Amazon India,2500,0,768989.0,Amazon,ORGANIZATION,Shopping,Online Shopping,UPI
TXN0244,2025-05-25,NEFT-YESCB457188967265-A RAO,7500,0,1472961.0,Ananya Rao,PERSON,Transfers,Person to Person,NEFT
TXN0333,2025-05-25,NEFT-ARJUN MEHTA,0,1250,1790087.0,Arjun Mehta,PERSON,Transfers,Person to Person,NEFT
TXN0374,2025-05-25,IMPS/196913120/Sneha R,0,5000,2054797.0,Sneha Reddy,PERSON,Transfers,Person to Person,IMPS
TXN0075,2025-05-26,MEDIASSIST HEALTHCARE TPA,199,0,450672.0,MediAssist Healthcare,ORGANIZATION,Healthcare,Medical Insurance,ECS
TXN0339,2025-05-26,ABC Technologies Pvt. Ltd.,299,0,1804288.0,ABC Technologies Private Limited,ORGANIZATION,Business & Professional,Professional Services,ECS
TXN0399,2025-05-26,UPI/481737276453/FLIPKART,1500,0,2250702.0,Flipkart,ORGANIZATION,Shopping,Online Shopping,UPI
TXN0487,2025-05-26,NEFT-ICICI BANK,1500,0,2441577.0,ICICI Bank,ORGANIZATION,Financial,Loan Repayment,ECS
TXN0105,2025-05-27,TATA MUTUAL FUND,599,0,587679.0,Tata Mutual Fund,ORGANIZATION,Investments,Mutual Fund SIP,ECS
TXN0142,2025-05-27,NEFT-FBBT297692848598-Amit K,0,60000,772088.0,Amit Kumar,PERSON,Income,Salary,NEFT
TXN0366,2025-05-27,UPI-MEDIASSIST,199,0,1977346.0,MediAssist Healthcare,ORGANIZATION,Healthcare,Medical Insurance,ECS
TXN0024,2025-05-28,NEFT-YESB821970820395-EMMVEE ENERGY LTD,799,0,236355.0,Emmvee Energy Private Limited,ORGANIZATION,Business & Professional,Supplier Payment,NEFT
TXN0207,2025-05-28,NEFT-UTR791012979889-Arjunmehta,0,45000,1055254.0,Arjun Mehta,PERSON,Income,Salary,NEFT
TXN0212,2025-05-28,Ola Mobility,299,0,1146205.0,Ola,ORGANIZATION,Transportation,Ride Hailing,ECS
TXN0480,2025-05-28,AIRTEL MOBILE,799,0,2389776.0,Airtel,ORGANIZATION,Bills & Utilities,Mobile,ECS
TXN0051,2025-05-29,UPI-BESCOM,999,0,412215.0,BESCOM,ORGANIZATION,Bills & Utilities,Electricity,ECS
TXN0324,2025-05-29,NEFT-FBBT172370655239-P Nair,0,10000,1793983.0,Priya Nair,PERSON,Transfers,Person to Person,NEFT
TXN0488,2025-05-29,NEFT-YESB779829487469-BESCOM LTD,299,0,2441278.0,BESCOM,ORGANIZATION,Bills & Utilities,Electricity,NEFT
TXN0421,2025-05-30,NEFT-YESB851050183995-UPI-AMAZON,7500,0,2340160.0,Amazon,ORGANIZATION,Shopping,Online Shopping,NEFT
TXN0231,2025-05-31,NEFT-YESCB207599629988-ABC Technologies Pvt. Ltd.,0,60000,1337359.0,ABC Technologies Private Limited,ORGANIZATION,Income,Business Revenue,NEFT
TXN0308,2025-05-31,UPI/192729067059/Amit K,0,7500,1692680.0,Amit Kumar,PERSON,Transfers,Person to Person,UPI
TXN0318,2025-05-31,NEFT-YESCB326832383564-TATA MF,1500,0,1729433.0,Tata Mutual Fund,ORGANIZATION,Investments,Mutual Fund SIP,NEFT
TXN0074,2025-06-01,IMPS/598976917/Arjunmehta,0,22000,450871.0,Arjun Mehta,PERSON,Income,Salary,IMPS
TXN0148,2025-06-01,JIO,399,0,806591.0,Jio,ORGANIZATION,Bills & Utilities,Mobile,ECS
TXN0293,2025-06-01,SBIN,10000,0,1719125.0,SBI,ORGANIZATION,Financial,Bank Charges,ECS
TXN0082,2025-06-02,IMPS/424557359/Rahul S,0,30000,508724.0,Rahul Sharma,PERSON,Income,Salary,IMPS
TXN0129,2025-06-02,UPI/969122032652/ArjunMehta,0,1000,675834.0,Arjun Mehta,PERSON,Transfers,Person to Person,UPI
TXN0169,2025-06-02,NEFT-UTR551159223644-Uber India,5000,0,867095.0,Uber,ORGANIZATION,Transportation,Ride Hailing,NEFT
TXN0214,2025-06-02,ICICI LIMITED,0,1500,1148955.0,ICICI Bank,ORGANIZATION,Loans & Credit,Loan Disbursement,ECS
TXN0254,2025-06-03,UPI/338541452006/Swiggy,2500,0,1464214.0,Swiggy,ORGANIZATION,Food & Dining,Food Delivery,UPI
TXN0411,2025-06-03,UPI-NETFLIX,1500,0,2296157.0,Netflix,ORGANIZATION,Entertainment,OTT / Streaming,Card
TXN0458,2025-06-03,BESCOM BILL,7500,0,2360871.0,BESCOM,ORGANIZATION,Bills & Utilities,Electricity,ECS
TXN0037,2025-06-04,IMPS/199104722/VikramSingh,0,35000,425857.0,Vikram Singh,PERSON,Income,Salary,IMPS
TXN0156,2025-06-04,NEFT-UTR722263658623-PriyaNair,0,3000,859643.0,Priya Nair,PERSON,Transfers,Person to Person,NEFT
TXN0191,2025-06-04,Uber Technologies,999,0,969149.0,Uber,ORGANIZATION,Transportation,Ride Hailing,Card
TXN0206,2025-06-04,NEFT-YESB808448614241-ANANYA RAO,0,18000,1010254.0,Ananya Rao,PERSON,Income,Salary,NEFT
TXN0291,2025-06-04,NEFT-SBI,0,750,1684125.0,SBI,ORGANIZATION,Transfers,Own Account Transfer,ECS
TXN0468,2025-06-04,NEFT-YESB908200296039-UPI-Sneha Reddy,0,1000,2387774.0,Sneha Reddy,PERSON,Transfers,Person to Person,NEFT
TXN0017,2025-06-05,NEFT-YESB454759765684-Amit K,5000,0,212753.0,Amit Kumar,PERSON,Transfers,Person to Person,NEFT
TXN0337,2025-06-05,UPI/362477235394/MEDIASSIST HEALTHCARE TPA,2000,0,1812087.0,MediAssist Healthcare,ORGANIZATION,Healthcare,Medical Insurance,UPI
TXN0387,2025-06-05,SBI,2500,0,2215049.0,SBI,ORGANIZATION,Loans & Credit,Bank Charges,ECS
TXN0054,2025-06-06,NEFT-UTR540209997973-UPI-AMAZON,799,0,427416.0,Amazon,ORGANIZATION,Shopping,Online Shopping,NEFT
TXN0057,2025-06-06,NEFT-BHARAT RETAIL ENTERPRISES,5000,0,444916.0,Bharat Retail Enterprises,ORGANIZATION,Business & Professional,Inventory,ECS
TXN0201,2025-06-06,IMPS/179634081/STATE BANK INDIA,0,10000,996052.0,SBI,ORGANIZATION,Transfers,Own Account Transfer,IMPS
TXN0219,2025-06-06,IMPS/421897671/NEFT-AMIT KUMAR,0,35000,1182857.0,Amit Kumar,PERSON,Income,Salary,IMPS
TXN0224,2025-06-06,IMPS/613646933/ICICI LIMITED,750,0,1169107.0,ICICI Bank,ORGANIZATION,Financial,Bank Charges,IMPS
TXN0444,2025-06-06,IMPS/380904676/NEFT-ARJUN MEHTA,0,750,2361019.0,Arjun Mehta,PERSON,Transfers,Person to Person,IMPS
TXN0454,2025-06-06,IMPS/215712585/Priya N,0,1250,2377871.0,Priya Nair,PERSON,Transfers,Person to Person,IMPS
TXN0125,2025-06-07,AIRTEL,2500,0,601834.0,Airtel,ORGANIZATION,Bills & Utilities,Mobile,Card
TXN0242,2025-06-07,IMPS/689736058/UPI UPI Priyanair,0,25000,1480860.0,Priya Nair,PERSON,Income,Salary,IMPS
TXN0305,2025-06-07,NEFT-FBBT876325326672-HDFC BANKING,0,5000,1687779.0,HDFC Bank,ORGANIZATION,Loans & Credit,Loan Disbursement,NEFT
TXN0334,2025-06-07,UPI/901396117733/OLA,7500,0,1782587.0,Ola,ORGANIZATION,Transportation,Ride Hailing,UPI
TXN0068,2025-06-09,UPI/507020728093/NEFT-ARJUN MEHTA,7500,0,482170.0,Arjun Mehta,PERSON,Transfers,Person to Person,UPI
TXN0461,2025-06-09,NEFT-FBBT227604993334-LIFE INSURANCE CORP,299,0,2354973.0,LIC,ORGANIZATION,Insurance,Insurance Premium,NEFT
TXN0090,2025-06-10,NEFT-YESCB395959373593-OLA CABS,249,0,505276.0,Ola,ORGANIZATION,Transportation,Ride Hailing,NEFT
TXN0493,2025-06-10,NEFT-UTR751843751630-PRIYA NAIR,7500,0,2426279.0,Priya Nair,PERSON,Transfers,Person to Person,NEFT
TXN0424,2025-06-11,NEFT-YESCB939993721801-HDFC LTD,250,0,2334311.0,HDFC Bank,ORGANIZATION,Fees & Charges,Processing Fee,NEFT
TXN0038,2025-06-12,AIRTEL,199,0,425658.0,Airtel,ORGANIZATION,Bills & Utilities,Mobile,Card
TXN0095,2025-06-12,UPI-AMAZON,599,0,510027.0,Amazon,ORGANIZATION,Shopping,Online Shopping,ECS
TXN0110,2025-06-12,FLIPKART ONLINE,299,0,558630.0,Flipkart,ORGANIZATION,Shopping,Online Shopping,Card
TXN0283,2025-06-12,UPI-Kavya Iyer,0,750,1656571.0,Kavya Iyer,PERSON,Transfers,Person to Person,UPI
TXN0001,2025-06-13,NEFT-YESB914655221101-VikramSingh,1000,0,74000.0,Vikram Singh,PERSON,Transfers,Person to Person,NEFT
TXN0152,2025-06-13,FLIPKART ONLINE,199,0,797892.0,Flipkart,ORGANIZATION,Shopping,Online Shopping,Card
TXN0357,2025-06-13,UPI/384720580530/AMAZON ONLINE,1500,0,1926543.0,Amazon,ORGANIZATION,Shopping,Online Shopping,UPI
TXN0157,2025-06-14,BESCOM POWER,2000,0,857643.0,BESCOM,ORGANIZATION,Bills & Utilities,Electricity,Card
TXN0260,2025-06-15,NEFT-YESCB392279124270-Rohan G,0,750,1498214.0,Rohan Gupta,PERSON,Transfers,Person to Person,NEFT
TXN0486,2025-06-15,NEFT-YESB835218334212-STATE BANK OF INDIA,1000,0,2443077.0,SBI,ORGANIZATION,Financial,Processing Fee,NEFT
TXN0106,2025-06-16,NEFT-UTR675953876146-HDFC BANK,25000,0,562679.0,HDFC Bank,ORGANIZATION,Financial,Processing Fee,NEFT
TXN0136,2025-06-16,ICICI LIMITED,5000,0,704837.0,ICICI Bank,ORGANIZATION,Fees & Charges,Bank Charges,ECS
TXN0474,2025-06-16,NEFT-YESCB147068103454-UPI UPI Amitkumar,10000,0,2415025.0,Amit Kumar,PERSON,Transfers,Person to Person,NEFT
TXN0188,2025-06-17,IMPS/515156661/Rahul S,0,40000,967897.0,Rahul Sharma,PERSON,Income,Salary,IMPS
TXN0445,2025-06-17,IMPS/880236611/NEFT-SURESH PATEL,0,30000,2391019.0,Suresh Patel,PERSON,Income,Salary,IMPS
TXN0295,2025-06-18,IMPS/673772626/KavyaIyer,0,750,1718876.0,Kavya Iyer,PERSON,Transfers,Person to Person,IMPS
TXN0344,2025-06-18,NEFT-YESB646164502396-FLIPKART,2500,0,1810989.0,Flipkart,ORGANIZATION,Shopping,Online Shopping,NEFT
TXN0372,2025-06-18,NEFT-UTR292608757154-Rohan G,0,18000,2009797.0,Rohan Gupta,PERSON,Income,Salary,NEFT
TXN0036,2025-06-19,NEFT-YESCB410407371993-UPI-Arjun Mehta,750,0,390857.0,Arjun Mehta,PERSON,Transfers,Person to Person,NEFT
TXN0127,2025-06-19,NEFT-SURESH PATEL,0,18000,644834.0,Suresh Patel,PERSON,Income,Salary,NEFT
TXN0165,2025-06-19,NEFT-YESB715509967407-UPI-Amit Kumar,0,1000,874644.0,Amit Kumar,PERSON,Transfers,Person to Person,NEFT
TXN0282,2025-06-19,UPI/883316135403/JIO INDIA,399,0,1655821.0,Jio,ORGANIZATION,Bills & Utilities,Mobile,UPI
TXN0434,2025-06-19,UPI-Ananya Rao,2500,0,2317565.0,Ananya Rao,PERSON,Transfers,Person to Person,UPI
TXN0440,2025-06-19,BESCOM LTD,7500,0,2311317.0,BESCOM,ORGANIZATION,Bills & Utilities,Electricity,ECS
TXN0483,2025-06-19,NEFT-UTR979595431349-A MEHTA,1000,0,2410577.0,Arjun Mehta,PERSON,Transfers,Person to Person,NEFT
TXN0271,2025-06-20,NEFT-YESB892547813921-HDFC LTD,0,250,1552917.0,HDFC Bank,ORGANIZATION,Loans & Credit,Own Account Transfer,NEFT
TXN0053,2025-06-22,NEFT-YESCB623917015844-ArjunMehta,0,18000,428215.0,Arjun Mehta,PERSON,Income,Salary,NEFT
TXN0309,2025-06-22,UPI/527395738401/PriyaNair,0,750,1693430.0,Priya Nair,PERSON,Transfers,Person to Person,UPI
TXN0164,2025-06-23,NEFT-FBBT740300175457-Airtel Recharge,5000,0,873644.0,Airtel,ORGANIZATION,Bills & Utilities,Mobile,NEFT
TXN0279,2025-06-23,NEFT-HDFC BANK,500,0,1612019.0,HDFC Bank,ORGANIZATION,Financial,Processing Fee,NEFT
TXN0322,2025-06-23,APOLLO PHARMA,2000,0,1785183.0,Apollo Pharmacy,ORGANIZATION,Healthcare,Pharmacy,Card
TXN0491,2025-06-23,NEFT-EMMVEE ENERGY PVT LTD,999,0,2432779.0,Emmvee Energy Private Limited,ORGANIZATION,Business & Professional,Supplier Payment,Card
TXN0226,2025-06-24,NEFT-YESCB711083679372-AIRTEL INDIA,999,0,1160608.0,Airtel,ORGANIZATION,Bills & Utilities,Mobile,NEFT
TXN0475,2025-06-24,NEFT-FBBT982677236277-HDFC BANK LIMITED,5000,0,2410025.0,HDFC Bank,ORGANIZATION,Fees & Charges,Processing Fee,NEFT
TXN0361,2025-06-25,IMPS/366522892/ANANYA RAO,0,30000,1955794.0,Ananya Rao,PERSON,Income,Salary,IMPS
TXN0478,2025-06-25,Flipkart India,1200,0,2391325.0,Flipkart,ORGANIZATION,Shopping,Online Shopping,ECS
TXN0153,2025-06-26,IMPS/464549612/NEFT-SBI,1000,0,796892.0,SBI,ORGANIZATION,Fees & Charges,Interest,IMPS
TXN0379,2025-06-27,ICICI BANK LIMITED,0,1000,2200198.0,ICICI Bank,ORGANIZATION,Loans & Credit,Own Account Transfer,ECS
TXN0459,2025-06-27,AIRTEL MOBILE,599,0,2360272.0,Airtel,ORGANIZATION,Bills & Utilities,Mobile,Card
TXN0099,2025-06-28,NEFT-YESCB706925050424-ZOMATO PAYMENT,1500,0,499028.0,Zomato,ORGANIZATION,Food & Dining,Food Delivery,NEFT
TXN0263,2025-06-28,NEFT-FBBT412568452094-OLA CABS,7500,0,1520465.0,Ola,ORGANIZATION,Transportation,Ride Hailing,NEFT
TXN0466,2025-06-28,IMPS/835672883/SURESH PATEL,0,45000,2385774.0,Suresh Patel,PERSON,Income,Salary,IMPS
